"","MedF1","Acc","PercUnl"
"1",0.986582478295186,0.990463215258856,0
