"","MedF1","Acc","PercUnl"
"1",0.905191873589165,0.913563375469764,0
