"","MedF1","Acc","PercUnl"
"1",0.987237282362605,0.984347826086956,0
