"","MedF1","Acc","PercUnl"
"1",0.993613737447479,0.993020719738277,0
