"","MedF1","Acc","PercUnl"
"1",0.636885292552034,0.689422028353326,0
