"","MedF1","Acc","PercUnl"
"1",0.987362754591259,0.952769977023232,0
