"","MedF1","Acc","PercUnl"
"1",0.906179336841895,0.901455195302527,0
