"","MedF1","Acc","PercUnl"
"1",0.876543209876543,0.822025565388397,0
