"","MedF1","Acc","PercUnl"
"1",0.967741935483871,0.853982300884956,0
