"","MedF1","Acc","PercUnl"
"1",0.876961461692001,0.685059978189749,0
