"","MedF1","Acc","PercUnl"
"1",0.990995356349687,0.989565217391304,0
