"","MedF1","Acc","PercUnl"
"1",0.836680053547523,0.884741144414169,0
