"","MedF1","Acc","PercUnl"
"1",0.613074187841324,0.673936750272628,0
