"","MedF1","Acc","PercUnl"
"1",0.989707046714173,0.99291553133515,0
