"","MedF1","Acc","PercUnl"
"1",0.0044543429844098,0.420980926430518,0
