"","MedF1","Acc","PercUnl"
"1",0.959349593495935,0.850049164208456,0
