"","MedF1","Acc","PercUnl"
"1",0.90203572912339,0.680697928026172,0
