"","MedF1","Acc","PercUnl"
"1",0.98900652695515,0.961832061068702,0
