"","MedF1","Acc","PercUnl"
"1",0.928012911074484,0.916517743170794,0
