"","MedF1","Acc","PercUnl"
"1",0.984763613409083,0.980869565217391,0
