"","MedF1","Acc","PercUnl"
"1",0.987288419353943,0.949195813122288,0
