"","MedF1","Acc","PercUnl"
"1",0.00929674124372479,0.248854961832061,0
