"","MedF1","Acc","PercUnl"
"1",0.00444444444444445,0.420980926430518,0
