"","MedF1","Acc","PercUnl"
"1",0.959349593495935,0.848574237954769,0
