"","MedF1","Acc","PercUnl"
"1",0.834445927903872,0.883378746594006,0
