"","MedF1","Acc","PercUnl"
"1",0.598629077984956,0.65845147219193,0
