"","MedF1","Acc","PercUnl"
"1",0.0103753647339756,0.249945474372955,0
