"","MedF1","Acc","PercUnl"
"1",0.599276028578638,0.680043620501636,0
