"","MedF1","Acc","PercUnl"
"1",0.0824468085106383,0.307901907356948,0
