"","MedF1","Acc","PercUnl"
"1",0.926470588235294,0.828908554572271,0
