"","MedF1","Acc","PercUnl"
"1",0.93081194766917,0.925453152923155,0
