"","MedF1","Acc","PercUnl"
"1",0.934634146341463,0.923921368394179,0
