"","MedF1","Acc","PercUnl"
"1",0.993544430078224,0.99062159214831,0
