"","MedF1","Acc","PercUnl"
"1",0.905191873589165,0.918688076528869,0
