"","MedF1","Acc","PercUnl"
"1",0.613459096680573,0.665430752453653,0
