"","MedF1","Acc","PercUnl"
"1",0.967741935483871,0.979019073569482,0
