"","MedF1","Acc","PercUnl"
"1",0.976744186046512,0.971301674069013,0
