"","MedF1","Acc","PercUnl"
"1",0.0129430069728577,0.249945474372955,0
