"","MedF1","Acc","PercUnl"
"1",0.0021551724137931,0.336992596374777,0
