"","MedF1","Acc","PercUnl"
"1",0.931642730913673,0.90752453653217,0
