"","MedF1","Acc","PercUnl"
"1",0.988067806415773,0.954557058973704,0
