"","MedF1","Acc","PercUnl"
"1",0.795275590551181,0.866485013623978,0
