"","MedF1","Acc","PercUnl"
"1",0.98159509202454,0.98599248377178,0
