"","MedF1","Acc","PercUnl"
"1",0.799472295514512,0.867029972752044,0
