"","MedF1","Acc","PercUnl"
"1",0.911111111111111,0.939528527502562,0
