"","MedF1","Acc","PercUnl"
"1",0.98353614889048,0.979130434782609,0
