"","MedF1","Acc","PercUnl"
"1",0.00583300102429375,0.218974918211559,0
