"","MedF1","Acc","PercUnl"
"1",0.946211683053788,0.946086956521739,0
