"","MedF1","Acc","PercUnl"
"1",0.992794842624194,0.991117184830885,0
