"","MedF1","Acc","PercUnl"
"1",0.912610441767068,0.678516902944384,0
