"","MedF1","Acc","PercUnl"
"1",0.837648344623506,0.67917121046892,0
