"","MedF1","Acc","PercUnl"
"1",0.860519095819282,0.683315158124318,0
