"","MedF1","Acc","PercUnl"
"1",0.794484569927774,0.871934604904632,0
