"","MedF1","Acc","PercUnl"
"1",0.830013280212483,0.879564032697548,0
