"","MedF1","Acc","PercUnl"
"1",0.859375,0.823500491642085,0
